name,ra_h,ra_m,ra_s,dec_d,dec_m,dec_s
ldn1,16,28,54.0,-16,7,0.0
ldn2,18,7,12.0,-31,30,0.0
ldn3,18,3,12.0,-31,0,0.0
ldn4,17,2,30.0,-22,12,0.0
ldn5,17,16,18.0,-24,25,0.0
ldn6,17,9,0.0,-23,14,0.0
ldn7,17,28,36.0,-26,17,0.0
ldn8,16,46,24.0,-19,15,0.0
ldn9,17,10,0.0,-23,14,0.0
ldn10,17,57,48.0,-30,6,0.0
ldn11,17,8,6.0,-22,54,0.0
ldn12,17,58,12.0,-30,7,0.0
ldn13,17,4,0.0,-22,10,0.0
ldn14,17,25,6.0,-25,33,0.0
ldn15,17,4,24.0,-22,10,0.0
ldn16,17,16,6.0,-24,3,0.0
ldn17,17,8,0.0,-22,44,0.0
ldn18,17,9,0.0,-22,54,0.0
ldn19,17,29,6.0,-26,2,0.0
ldn20,17,8,30.0,-22,44,0.0
ldn21,17,29,6.0,-25,56,0.0
ldn22,16,46,54.0,-18,55,0.0
ldn23,17,17,12.0,-23,58,0.0
ldn24,17,17,30.0,-24,1,0.0
ldn25,17,32,30.0,-26,11,0.0
ldn26,18,5,12.0,-30,30,0.0
ldn27,16,27,48.0,-15,7,0.0
ldn28,17,19,6.0,-24,3,0.0
ldn29,18,6,48.0,-30,38,0.0
ldn30,17,13,0.0,-23,4,0.0
ldn31,16,49,54.0,-19,5,0.0
ldn32,17,11,0.0,-22,39,0.0
ldn33,16,41,24.0,-17,26,0.0
ldn34,17,48,12.0,-28,1,0.0
ldn35,17,56,30.0,-29,4,0.0
ldn36,17,28,42.0,-25,12,0.0
ldn37,17,20,0.0,-23,53,0.0
ldn38,17,11,18.0,-22,29,0.0
ldn39,17,11,36.0,-22,30,0.0
ldn40,17,57,12.0,-29,4,0.0
ldn41,18,5,12.0,-30,0,0.0
ldn42,17,33,6.0,-25,42,0.0
ldn43,16,34,30.0,-15,50,0.0
ldn44,17,20,0.0,-23,43,0.0
ldn45,17,31,6.0,-25,22,0.0
ldn46,17,13,0.0,-22,34,0.0
ldn47,16,49,54.0,-18,35,0.0
ldn48,17,58,12.0,-29,0,0.0
ldn49,18,2,12.0,-29,30,0.0
ldn50,17,25,6.0,-24,23,0.0
ldn51,17,12,36.0,-22,21,0.0
ldn52,17,32,12.0,-25,21,0.0
ldn53,17,23,6.0,-23,55,0.0
ldn54,17,23,30.0,-23,58,0.0
ldn55,17,23,0.0,-23,53,0.0
ldn56,17,15,0.0,-22,33,0.0
ldn57,17,22,36.0,-23,44,0.0
ldn58,17,30,30.0,-24,55,0.0
ldn59,17,20,36.0,-23,23,0.0
ldn60,17,12,0.0,-21,59,0.0
ldn61,17,31,24.0,-24,55,0.0
ldn62,16,49,54.0,-18,5,0.0
ldn63,16,49,54.0,-18,5,0.0
ldn64,17,40,6.0,-26,2,0.0
ldn65,17,13,0.0,-21,54,0.0
ldn66,17,24,0.0,-23,33,0.0
ldn67,17,14,0.0,-21,53,0.0
ldn68,18,7,6.0,-29,22,0.0
ldn69,17,28,6.0,-24,2,0.0
ldn70,17,25,0.0,-23,33,0.0
ldn71,17,14,0.0,-21,43,0.0
ldn72,17,20,0.0,-22,33,0.0
ldn73,17,31,6.0,-24,12,0.0
ldn74,17,38,6.0,-25,12,0.0
ldn75,18,8,12.0,-29,10,0.0
ldn76,17,37,6.0,-25,2,0.0
ldn77,17,19,0.0,-22,15,0.0
ldn78,18,1,12.0,-28,11,0.0
ldn79,17,15,0.0,-21,28,0.0
ldn80,17,39,6.0,-25,7,0.0
ldn81,17,25,0.0,-23,1,0.0
ldn82,17,46,6.0,-26,1,0.0
ldn83,16,34,18.0,-14,16,0.0
ldn84,17,36,6.0,-24,32,0.0
ldn85,17,26,0.0,-23,1,0.0
ldn86,17,21,0.0,-22,13,0.0
ldn87,17,18,36.0,-21,48,0.0
ldn88,17,20,30.0,-22,3,0.0
ldn89,17,18,30.0,-21,42,0.0
ldn90,17,39,36.0,-24,52,0.0
ldn91,17,23,30.0,-22,28,0.0
ldn92,17,19,0.0,-21,43,0.0
ldn93,18,2,42.0,-27,50,0.0
ldn94,17,20,0.0,-21,46,0.0
ldn95,17,20,0.0,-21,41,0.0
ldn96,18,8,12.0,-28,20,0.0
ldn97,18,7,24.0,-28,11,0.0
ldn98,16,35,48.0,-13,57,0.0
ldn99,17,19,0.0,-21,23,0.0
ldn100,17,16,0.0,-20,53,0.0
ldn101,17,21,48.0,-21,48,0.0
ldn102,17,22,30.0,-21,53,0.0
ldn103,17,21,30.0,-21,43,0.0
ldn104,17,16,0.0,-20,48,0.0
ldn105,16,36,24.0,-13,57,0.0
ldn106,16,36,42.0,-13,57,0.0
ldn107,17,26,0.0,-22,18,0.0
ldn108,18,10,12.0,-28,19,0.0
ldn109,17,39,6.0,-24,7,0.0
ldn110,16,49,54.0,-16,5,0.0
ldn111,17,15,12.0,-20,21,0.0
ldn112,17,25,0.0,-21,53,0.0
ldn113,17,38,30.0,-23,52,0.0
ldn114,17,40,6.0,-24,2,0.0
ldn115,16,53,54.0,-16,40,0.0
ldn116,18,6,30.0,-27,30,0.0
ldn117,17,25,0.0,-21,43,0.0
ldn118,16,54,54.0,-16,45,0.0
ldn119,18,3,6.0,-27,0,0.0
ldn120,18,6,24.0,-27,25,0.0
ldn121,16,39,48.0,-14,1,0.0
ldn122,16,55,12.0,-16,45,0.0
ldn123,18,7,36.0,-27,25,0.0
ldn124,18,13,12.0,-27,59,0.0
ldn125,17,36,0.0,-23,2,0.0
ldn126,17,43,6.0,-24,1,0.0
ldn127,18,8,6.0,-27,19,0.0
ldn128,17,31,0.0,-22,12,0.0
ldn129,16,55,0.0,-16,20,0.0
ldn130,17,45,6.0,-24,11,0.0
ldn131,17,25,0.0,-21,13,0.0
ldn132,16,54,54.0,-16,15,0.0
ldn133,17,59,6.0,-26,0,0.0
ldn134,15,53,36.0,-4,39,0.0
ldn135,18,2,6.0,-26,20,0.0
ldn136,17,29,0.0,-21,42,0.0
ldn137,16,50,54.0,-15,25,0.0
ldn138,17,24,0.0,-20,53,0.0
ldn139,17,16,48.0,-19,43,0.0
ldn140,17,53,6.0,-25,1,0.0
ldn141,16,50,54.0,-15,15,0.0
ldn142,17,43,0.0,-23,31,0.0
ldn143,18,10,6.0,-26,59,0.0
ldn144,17,40,30.0,-23,2,0.0
ldn145,16,35,18.0,-12,16,0.0
ldn146,16,56,24.0,-16,0,0.0
ldn147,18,4,6.0,-26,10,0.0
ldn148,16,46,24.0,-14,10,0.0
ldn149,17,27,0.0,-20,53,0.0
ldn150,17,57,6.0,-25,0,0.0
ldn151,18,6,6.0,-26,10,0.0
ldn152,16,49,48.0,-14,35,0.0
ldn153,17,40,0.0,-22,37,0.0
ldn154,17,42,0.0,-22,51,0.0
ldn155,17,38,0.0,-22,17,0.0
ldn156,16,37,18.0,-12,16,0.0
ldn157,18,9,6.0,-26,24,0.0
ldn158,16,47,48.0,-14,5,0.0
ldn159,17,48,30.0,-23,41,0.0
ldn160,17,45,0.0,-23,11,0.0
ldn161,17,51,6.0,-24,1,0.0
ldn162,16,49,6.0,-14,15,0.0
ldn163,16,49,48.0,-14,20,0.0
ldn164,17,37,0.0,-21,52,0.0
ldn165,18,16,6.0,-26,59,0.0
ldn166,18,2,6.0,-25,10,0.0
ldn167,18,6,6.0,-25,40,0.0
ldn168,17,33,0.0,-21,2,0.0
ldn169,15,52,36.0,-3,19,0.0
ldn170,17,47,0.0,-23,1,0.0
ldn171,18,3,6.0,-25,10,0.0
ldn172,17,38,0.0,-21,37,0.0
ldn173,17,17,12.0,-18,23,0.0
ldn174,17,39,0.0,-21,42,0.0
ldn175,17,18,18.0,-18,31,0.0
ldn176,18,10,6.0,-25,49,0.0
ldn177,17,22,54.0,-19,13,0.0
ldn178,17,32,0.0,-20,32,0.0
ldn179,17,23,54.0,-19,18,0.0
ldn180,18,3,6.0,-24,45,0.0
ldn181,18,31,12.0,-28,5,0.0
ldn182,17,33,0.0,-20,32,0.0
ldn183,15,53,54.0,-3,9,0.0
ldn185,17,32,0.0,-20,17,0.0
ldn186,17,44,0.0,-22,1,0.0
ldn187,18,12,6.0,-25,44,0.0
ldn188,17,53,0.0,-23,11,0.0
ldn189,17,43,0.0,-21,41,0.0
ldn190,16,48,18.0,-12,55,0.0
ldn191,16,47,48.0,-12,45,0.0
ldn192,17,31,0.0,-19,47,0.0
ldn193,17,36,0.0,-20,32,0.0
ldn194,18,13,6.0,-25,29,0.0
ldn195,18,15,54.0,-25,44,0.0
ldn196,18,10,6.0,-24,59,0.0
ldn197,18,13,6.0,-25,20,0.0
ldn198,18,13,36.0,-25,22,0.0
ldn199,18,15,6.0,-25,27,0.0
ldn200,18,10,6.0,-24,49,0.0
ldn201,18,20,6.0,-25,59,0.0
ldn202,17,38,30.0,-20,22,0.0
ldn203,18,14,24.0,-25,10,0.0
ldn204,16,47,48.0,-12,5,0.0
ldn205,18,26,6.0,-26,23,0.0
ldn206,17,30,54.0,-19,2,0.0
ldn207,17,45,0.0,-21,1,0.0
ldn208,18,13,6.0,-24,39,0.0
ldn209,17,38,0.0,-19,52,0.0
ldn210,18,9,12.0,-24,7,0.0
ldn211,18,9,36.0,-24,9,0.0
ldn212,18,11,6.0,-24,19,0.0
ldn213,18,9,6.0,-24,0,0.0
ldn214,18,9,6.0,-23,58,0.0
ldn215,17,58,0.0,-22,30,0.0
ldn216,17,38,0.0,-19,40,0.0
ldn217,18,28,6.0,-26,8,0.0
ldn218,17,55,0.0,-21,58,0.0
ldn219,17,39,30.0,-19,47,0.0
ldn220,17,30,54.0,-18,28,0.0
ldn221,18,11,6.0,-23,59,0.0
ldn222,17,41,12.0,-19,46,0.0
ldn223,17,40,48.0,-19,43,0.0
ldn224,18,8,30.0,-23,29,0.0
ldn225,17,32,54.0,-18,32,0.0
ldn226,17,40,36.0,-19,40,0.0
ldn227,18,10,6.0,-23,39,0.0
ldn228,17,40,48.0,-19,38,0.0
ldn229,17,40,12.0,-19,31,0.0
ldn230,18,9,0.0,-23,27,0.0
ldn231,17,40,24.0,-19,32,0.0
ldn232,18,5,0.0,-22,50,0.0
ldn233,17,45,6.0,-20,1,0.0
ldn234,16,48,48.0,-11,5,0.0
ldn235,17,46,30.0,-20,11,0.0
ldn236,18,26,6.0,-25,18,0.0
ldn237,18,1,0.0,-22,10,0.0
ldn238,16,35,42.0,-8,46,0.0
ldn239,18,33,24.0,-26,1,0.0
ldn240,18,37,6.0,-26,22,0.0
ldn241,18,11,30.0,-23,19,0.0
ldn242,18,12,6.0,-23,24,0.0
ldn243,18,12,0.0,-23,19,0.0
ldn244,16,51,48.0,-11,15,0.0
ldn245,18,31,6.0,-25,28,0.0
ldn246,17,45,0.0,-19,31,0.0
ldn247,18,24,6.0,-24,33,0.0
ldn248,18,36,6.0,-25,47,0.0
ldn249,18,10,0.0,-22,29,0.0
ldn250,18,23,24.0,-24,8,0.0
ldn251,18,29,6.0,-24,48,0.0
ldn252,18,23,12.0,-24,3,0.0
ldn253,18,40,6.0,-25,57,0.0
ldn254,17,50,0.0,-19,41,0.0
ldn255,16,47,42.0,-9,55,0.0
ldn256,18,15,0.0,-22,59,0.0
ldn257,18,11,0.0,-22,24,0.0
ldn258,17,44,54.0,-18,51,0.0
ldn259,18,25,6.0,-23,59,0.0
ldn260,16,47,42.0,-9,35,0.0
ldn261,17,35,54.0,-17,12,0.0
ldn262,18,3,0.0,-21,0,0.0
ldn263,18,36,6.0,-24,57,0.0
ldn264,17,48,54.0,-18,51,0.0
ldn265,18,17,0.0,-22,29,0.0
ldn266,18,31,6.0,-24,8,0.0
ldn267,18,23,30.0,-23,8,0.0
ldn268,18,23,30.0,-23,8,0.0
ldn269,18,29,30.0,-23,48,0.0
ldn270,17,48,54.0,-18,21,0.0
ldn271,18,11,0.0,-21,19,0.0
ldn272,18,18,0.0,-22,9,0.0
ldn273,17,44,24.0,-17,36,0.0
ldn274,18,9,18.0,-20,57,0.0
ldn275,18,12,0.0,-21,11,0.0
ldn276,17,43,54.0,-17,21,0.0
ldn277,17,45,24.0,-17,29,0.0
ldn278,16,58,48.0,-10,15,0.0
ldn279,17,52,54.0,-18,31,0.0
ldn280,16,58,42.0,-10,5,0.0
ldn281,18,5,0.0,-20,0,0.0
ldn282,18,13,0.0,-20,59,0.0
ldn283,17,38,54.0,-16,2,0.0
ldn284,18,36,0.0,-23,27,0.0
ldn285,17,55,54.0,-18,20,0.0
ldn286,18,1,54.0,-19,10,0.0
ldn287,17,22,48.0,-13,23,0.0
ldn288,17,57,54.0,-18,30,0.0
ldn289,18,0,54.0,-18,50,0.0
ldn290,17,42,54.0,-16,1,0.0
ldn291,18,20,0.0,-20,59,0.0
ldn292,17,57,42.0,-18,0,0.0
ldn293,17,57,54.0,-18,0,0.0
ldn294,18,32,0.0,-22,18,0.0
ldn295,18,32,48.0,-22,21,0.0
ldn296,18,32,30.0,-22,18,0.0
ldn297,18,47,0.0,-23,57,0.0
ldn298,17,58,54.0,-18,0,0.0
ldn299,17,0,42.0,-9,14,0.0
ldn300,18,51,6.0,-24,16,0.0
ldn301,18,35,24.0,-22,30,0.0
ldn302,17,57,30.0,-17,40,0.0
ldn303,18,7,54.0,-19,0,0.0
ldn304,18,35,0.0,-22,8,0.0
ldn305,17,49,54.0,-16,16,0.0
ldn306,18,23,12.0,-20,38,0.0
ldn307,18,6,12.0,-18,27,0.0
ldn308,18,6,42.0,-18,26,0.0
ldn309,18,31,0.0,-21,28,0.0
ldn310,18,6,54.0,-18,22,0.0
ldn311,18,49,30.0,-23,27,0.0
ldn312,17,50,54.0,-16,1,0.0
ldn313,18,33,30.0,-21,33,0.0
ldn314,18,21,0.0,-19,59,0.0
ldn315,18,18,0.0,-19,29,0.0
ldn316,18,44,42.0,-22,37,0.0
ldn317,17,0,42.0,-8,4,0.0
ldn318,17,59,54.0,-16,50,0.0
ldn319,18,1,54.0,-16,50,0.0
ldn320,17,59,54.0,-16,30,0.0
ldn321,18,50,18.0,-22,38,0.0
ldn322,18,19,54.0,-18,59,0.0
ldn323,18,15,30.0,-18,11,0.0
ldn324,17,21,48.0,-10,23,0.0
ldn325,17,53,54.0,-15,1,0.0
ldn326,17,49,48.0,-14,26,0.0
ldn327,18,16,54.0,-18,4,0.0
ldn328,18,16,54.0,-18,0,0.0
ldn329,18,40,30.0,-20,52,0.0
ldn330,17,50,24.0,-14,17,0.0
ldn331,18,16,54.0,-17,49,0.0
ldn332,18,20,54.0,-18,9,0.0
ldn333,18,10,54.0,-16,49,0.0
ldn334,18,40,0.0,-20,27,0.0
ldn335,18,19,6.0,-17,49,0.0
ldn336,18,19,54.0,-17,54,0.0
ldn337,17,57,54.0,-14,51,0.0
ldn338,17,55,48.0,-14,30,0.0
ldn339,17,56,36.0,-14,35,0.0
ldn340,17,58,54.0,-14,36,0.0
ldn341,17,59,18.0,-14,40,0.0
ldn342,18,21,54.0,-17,39,0.0
ldn343,18,28,54.0,-18,24,0.0
ldn344,18,42,0.0,-19,57,0.0
ldn345,17,53,48.0,-13,41,0.0
ldn346,18,43,0.0,-19,57,0.0
ldn347,18,7,54.0,-15,30,0.0
ldn348,18,9,54.0,-15,39,0.0
ldn349,17,51,6.0,-13,1,0.0
ldn350,18,27,54.0,-17,48,0.0
ldn351,18,23,54.0,-17,13,0.0
ldn352,17,45,48.0,-12,1,0.0
ldn353,18,32,54.0,-18,18,0.0
ldn354,18,24,54.0,-17,15,0.0
ldn355,17,51,48.0,-12,41,0.0
ldn356,18,30,24.0,-17,43,0.0
ldn357,18,15,54.0,-15,44,0.0
ldn358,17,52,48.0,-12,31,0.0
ldn359,18,22,54.0,-16,28,0.0
ldn360,17,51,42.0,-12,16,0.0
ldn361,17,52,0.0,-12,11,0.0
ldn362,18,29,54.0,-17,8,0.0
ldn363,17,58,48.0,-13,0,0.0
ldn364,18,34,54.0,-17,38,0.0
ldn365,18,42,54.0,-18,27,0.0
ldn367,17,49,48.0,-11,1,0.0
ldn368,18,5,18.0,-13,10,0.0
ldn369,18,46,6.0,-18,12,0.0
ldn370,18,30,36.0,-16,13,0.0
ldn371,17,17,42.0,-6,3,0.0
ldn372,18,30,36.0,-16,4,0.0
ldn373,17,25,42.0,-7,3,0.0
ldn374,18,29,54.0,-15,48,0.0
ldn375,18,8,48.0,-12,59,0.0
ldn376,18,22,54.0,-14,38,0.0
ldn377,19,32,18.0,-22,24,0.0
ldn378,18,36,54.0,-15,57,0.0
ldn379,18,30,54.0,-15,8,0.0
ldn380,18,22,48.0,-13,58,0.0
ldn381,18,37,24.0,-15,47,0.0
ldn382,17,47,42.0,-9,1,0.0
ldn383,18,2,48.0,-11,0,0.0
ldn384,18,2,48.0,-10,45,0.0
ldn385,18,34,54.0,-14,51,0.0
ldn386,18,12,48.0,-11,59,0.0
ldn387,17,18,36.0,-4,3,0.0
ldn388,18,32,48.0,-14,13,0.0
ldn389,18,32,48.0,-14,8,0.0
ldn390,18,35,48.0,-14,28,0.0
ldn391,17,15,36.0,-3,3,0.0
ldn392,17,53,42.0,-8,31,0.0
ldn393,17,44,42.0,-7,11,0.0
ldn394,18,21,48.0,-12,14,0.0
ldn395,18,38,48.0,-14,7,0.0
ldn396,18,32,0.0,-13,13,0.0
ldn397,18,2,42.0,-9,20,0.0
ldn398,18,32,48.0,-13,18,0.0
ldn399,18,26,48.0,-12,28,0.0
ldn400,17,55,42.0,-8,15,0.0
ldn401,18,38,6.0,-13,47,0.0
ldn402,18,29,48.0,-12,43,0.0
ldn403,18,36,48.0,-13,27,0.0
ldn404,18,29,48.0,-12,28,0.0
ldn405,18,22,48.0,-11,28,0.0
ldn406,18,25,48.0,-11,48,0.0
ldn407,18,34,48.0,-12,58,0.0
ldn408,18,10,42.0,-9,29,0.0
ldn409,18,41,48.0,-13,27,0.0
ldn410,18,42,48.0,-13,27,0.0
ldn411,18,27,48.0,-11,28,0.0
ldn412,18,31,48.0,-11,58,0.0
ldn413,18,26,36.0,-11,13,0.0
ldn414,18,24,18.0,-10,50,0.0
ldn415,18,24,48.0,-10,38,0.0
ldn416,18,25,18.0,-10,38,0.0
ldn417,18,25,18.0,-10,36,0.0
ldn418,18,14,42.0,-9,9,0.0
ldn419,18,12,42.0,-8,39,0.0
ldn420,18,25,48.0,-10,18,0.0
ldn421,17,54,18.0,-5,49,0.0
ldn422,18,11,42.0,-8,9,0.0
ldn423,18,27,48.0,-10,13,0.0
ldn424,18,14,42.0,-8,29,0.0
ldn425,17,46,48.0,-4,41,0.0
ldn426,18,11,30.0,-7,57,0.0
ldn427,18,26,48.0,-9,48,0.0
ldn428,17,47,36.0,-4,31,0.0
ldn429,18,16,42.0,-8,19,0.0
ldn430,18,11,42.0,-7,37,0.0
ldn431,18,13,42.0,-7,49,0.0
ldn432,17,58,42.0,-5,45,0.0
ldn433,18,42,48.0,-11,27,0.0
ldn434,18,42,48.0,-11,27,0.0
ldn435,18,32,48.0,-9,58,0.0
ldn436,18,14,42.0,-7,24,0.0
ldn437,18,20,12.0,-7,59,0.0
ldn438,18,14,12.0,-7,9,0.0
ldn439,17,59,42.0,-5,0,0.0
ldn440,18,19,42.0,-7,29,0.0
ldn441,18,3,42.0,-5,20,0.0
ldn442,17,57,42.0,-4,30,0.0
ldn443,18,32,42.0,-9,8,0.0
ldn444,18,2,42.0,-5,0,0.0
ldn445,18,37,42.0,-9,37,0.0
ldn446,18,30,42.0,-8,38,0.0
ldn447,18,15,42.0,-6,39,0.0
ldn448,18,36,42.0,-9,17,0.0
ldn449,18,51,48.0,-11,6,0.0
ldn450,18,32,42.0,-8,38,0.0
ldn451,18,21,42.0,-7,9,0.0
ldn452,18,56,48.0,-11,36,0.0
ldn453,18,24,42.0,-7,28,0.0
ldn454,18,28,42.0,-7,58,0.0
ldn455,18,37,42.0,-9,7,0.0
ldn456,18,52,48.0,-10,56,0.0
ldn458,18,56,48.0,-11,26,0.0
ldn459,18,42,48.0,-9,37,0.0
ldn460,17,58,36.0,-3,45,0.0
ldn461,18,9,42.0,-5,9,0.0
ldn462,18,6,42.0,-4,40,0.0
ldn463,18,31,42.0,-7,58,0.0
ldn464,18,52,48.0,-10,36,0.0
ldn466,18,19,42.0,-6,9,0.0
ldn467,18,19,0.0,-5,59,0.0
ldn468,18,0,36.0,-3,30,0.0
ldn469,18,13,30.0,-5,6,0.0
ldn470,18,18,42.0,-5,44,0.0
ldn471,18,19,42.0,-5,49,0.0
ldn472,18,14,12.0,-4,59,0.0
ldn473,18,37,42.0,-7,57,0.0
ldn474,18,51,48.0,-9,41,0.0
ldn475,18,19,12.0,-5,29,0.0
ldn476,18,18,42.0,-5,24,0.0
ldn477,18,19,12.0,-5,24,0.0
ldn478,18,12,42.0,-4,29,0.0
ldn479,18,19,12.0,-5,9,0.0
ldn480,18,44,42.0,-8,27,0.0
ldn481,18,25,42.0,-5,58,0.0
ldn482,18,19,12.0,-5,7,0.0
ldn483,18,17,42.0,-4,49,0.0
ldn484,18,39,42.0,-7,27,0.0
ldn485,18,36,42.0,-6,57,0.0
ldn486,18,6,36.0,-3,0,0.0
ldn487,18,16,48.0,-4,19,0.0
ldn488,18,16,36.0,-4,14,0.0
ldn489,18,28,42.0,-5,38,0.0
ldn490,18,15,6.0,-3,49,0.0
ldn491,18,27,42.0,-5,28,0.0
ldn492,18,15,36.0,-3,49,0.0
ldn493,18,12,36.0,-3,19,0.0
ldn494,18,37,0.0,-6,27,0.0
ldn495,18,38,54.0,-6,39,0.0
ldn496,18,47,42.0,-7,47,0.0
ldn497,18,39,12.0,-6,37,0.0
ldn498,18,40,0.0,-6,39,0.0
ldn499,18,40,42.0,-6,27,0.0
ldn500,18,16,36.0,-3,19,0.0
ldn501,18,17,36.0,-3,19,0.0
ldn502,18,7,30.0,-1,52,0.0
ldn503,18,29,6.0,-4,38,0.0
ldn504,18,18,36.0,-3,9,0.0
ldn505,18,19,36.0,-3,14,0.0
ldn506,18,47,42.0,-6,52,0.0
ldn507,18,15,0.0,-2,37,0.0
ldn508,18,9,36.0,-1,39,0.0
ldn509,18,53,42.0,-7,18,0.0
ldn510,18,14,36.0,-2,14,0.0
ldn511,18,25,36.0,-3,38,0.0
ldn512,18,53,12.0,-7,6,0.0
ldn513,18,10,36.0,-1,33,0.0
ldn514,18,52,54.0,-6,56,0.0
ldn515,18,37,42.0,-4,57,0.0
ldn516,18,51,24.0,-6,36,0.0
ldn517,18,45,12.0,-5,37,0.0
ldn518,18,53,12.0,-6,36,0.0
ldn519,18,12,36.0,-1,9,0.0
ldn520,18,21,36.0,-2,19,0.0
ldn521,18,52,30.0,-5,54,0.0
ldn522,18,51,42.0,-5,46,0.0
ldn523,18,49,12.0,-5,27,0.0
ldn524,18,45,42.0,-4,57,0.0
ldn525,18,38,36.0,-3,57,0.0
ldn526,18,26,36.0,-2,18,0.0
ldn527,18,46,30.0,-4,47,0.0
ldn528,18,47,6.0,-4,47,0.0
ldn529,18,45,36.0,-4,27,0.0
ldn530,18,49,42.0,-4,47,0.0
ldn531,19,6,6.0,-6,50,0.0
ldn532,18,47,6.0,-4,22,0.0
ldn533,18,23,36.0,-1,18,0.0
ldn534,18,52,42.0,-4,56,0.0
ldn535,18,37,6.0,-2,53,0.0
ldn536,18,34,36.0,-2,33,0.0
ldn537,18,22,36.0,-0,58,0.0
ldn538,18,36,36.0,-2,47,0.0
ldn539,18,24,0.0,-1,4,0.0
ldn540,19,6,6.0,-6,25,0.0
ldn541,18,36,18.0,-2,27,0.0
ldn542,19,1,42.0,-5,36,0.0
ldn543,19,6,42.0,-6,10,0.0
ldn544,19,1,36.0,-5,26,0.0
ldn545,18,56,48.0,-4,46,0.0
ldn546,18,57,36.0,-4,46,0.0
ldn547,18,50,36.0,-3,51,0.0
ldn548,18,49,36.0,-3,42,0.0
ldn549,19,2,12.0,-5,16,0.0
ldn550,19,7,42.0,-5,45,0.0
ldn551,18,57,48.0,-4,26,0.0
ldn552,19,4,24.0,-5,15,0.0
ldn553,19,3,12.0,-5,6,0.0
ldn554,19,8,6.0,-5,40,0.0
ldn555,18,41,30.0,-2,17,0.0
ldn556,18,59,6.0,-4,31,0.0
ldn557,18,38,36.0,-1,47,0.0
ldn558,18,37,36.0,-1,37,0.0
ldn559,18,32,36.0,-0,58,0.0
ldn560,18,41,36.0,-1,57,0.0
ldn561,18,57,36.0,-3,56,0.0
ldn562,19,2,36.0,-4,31,0.0
ldn563,18,39,36.0,-1,32,0.0
ldn564,18,37,36.0,-1,12,0.0
ldn565,18,55,36.0,-3,31,0.0
ldn566,18,50,36.0,-2,46,0.0
ldn567,19,4,6.0,-4,28,0.0
ldn568,18,59,24.0,-3,46,0.0
ldn569,18,18,30.0,1,31,0.0
ldn570,18,26,36.0,-0,28,0.0
ldn571,18,30,36.0,0,2,0.0
ldn572,18,30,36.0,0,2,0.0
ldn573,18,28,36.0,-0,23,0.0
ldn574,19,7,6.0,-4,25,0.0
ldn575,18,28,6.0,-0,38,0.0
ldn576,18,31,30.0,-0,23,0.0
ldn577,19,5,36.0,-3,55,0.0
ldn578,18,31,12.0,-0,30,0.0
ldn579,18,55,36.0,-2,26,0.0
ldn580,19,8,36.0,-4,5,0.0
ldn581,19,7,24.0,-3,55,0.0
ldn582,18,52,36.0,-1,56,0.0
ldn583,18,33,36.0,0,37,0.0
ldn584,18,56,36.0,-2,16,0.0
ldn585,18,23,30.0,2,2,0.0
ldn586,18,39,6.0,0,3,0.0
ldn587,18,39,36.0,0,3,0.0
ldn588,18,36,6.0,-0,27,0.0
ldn589,18,52,36.0,-1,26,0.0
ldn590,19,6,36.0,-3,0,0.0
ldn591,18,36,36.0,-0,47,0.0
ldn592,18,28,30.0,2,2,0.0
ldn593,18,39,36.0,-0,37,0.0
ldn594,19,0,36.0,-1,46,0.0
ldn595,19,45,42.0,-7,23,0.0
ldn596,18,48,12.0,0,13,0.0
ldn597,18,50,48.0,0,5,0.0
ldn598,18,46,42.0,0,43,0.0
ldn599,18,51,36.0,0,9,0.0
ldn600,18,30,30.0,2,52,0.0
ldn601,18,46,42.0,0,48,0.0
ldn602,18,51,36.0,-0,4,0.0
ldn603,18,46,18.0,0,53,0.0
ldn604,18,51,36.0,0,14,0.0
ldn605,18,46,42.0,0,53,0.0
ldn606,18,51,36.0,-0,11,0.0
ldn607,18,48,6.0,-0,42,0.0
ldn608,18,51,36.0,-0,26,0.0
ldn609,18,51,36.0,-0,31,0.0
ldn610,18,49,36.0,-0,52,0.0
ldn611,18,55,42.0,-0,16,0.0
ldn612,18,56,0.0,-0,26,0.0
ldn613,18,56,48.0,-0,21,0.0
ldn614,18,56,48.0,-0,21,0.0
ldn615,19,19,36.0,-2,4,0.0
ldn616,18,47,30.0,2,3,0.0
ldn617,18,57,30.0,1,4,0.0
ldn618,19,15,36.0,-1,15,0.0
ldn619,19,18,6.0,-1,28,0.0
ldn620,19,20,36.0,-1,9,0.0
ldn621,18,47,30.0,3,13,0.0
ldn622,19,11,36.0,-0,20,0.0
ldn623,19,54,36.0,-4,52,0.0
ldn624,19,5,30.0,1,35,0.0
ldn625,19,6,30.0,1,35,0.0
ldn626,19,6,30.0,1,40,0.0
ldn627,19,14,0.0,0,50,0.0
ldn628,18,58,30.0,3,26,0.0
ldn629,19,17,30.0,1,5,0.0
ldn630,18,38,54.0,6,3,0.0
ldn631,19,12,30.0,2,35,0.0
ldn632,19,20,30.0,1,36,0.0
ldn633,18,40,54.0,7,3,0.0
ldn634,18,41,24.0,7,33,0.0
ldn635,19,9,30.0,4,8,0.0
ldn636,19,6,30.0,4,40,0.0
ldn637,18,41,24.0,8,13,0.0
ldn638,18,50,24.0,7,19,0.0
ldn639,19,12,30.0,5,5,0.0
ldn640,19,22,30.0,4,6,0.0
ldn641,19,16,30.0,5,5,0.0
ldn642,19,19,30.0,5,6,0.0
ldn643,19,24,6.0,4,50,0.0
ldn644,19,19,24.0,6,36,0.0
ldn645,19,19,24.0,7,21,0.0
ldn646,19,14,24.0,8,5,0.0
ldn647,19,19,54.0,7,31,0.0
ldn648,18,39,18.0,12,43,0.0
ldn649,19,12,24.0,8,40,0.0
ldn650,18,39,48.0,13,3,0.0
ldn651,19,19,24.0,8,6,0.0
ldn652,19,18,24.0,8,26,0.0
ldn653,18,42,18.0,13,3,0.0
ldn654,19,29,24.0,7,6,0.0
ldn655,19,20,18.0,8,33,0.0
ldn656,19,21,18.0,8,28,0.0
ldn657,19,21,24.0,8,54,0.0
ldn658,19,20,54.0,9,6,0.0
ldn659,18,41,18.0,14,3,0.0
ldn660,18,37,18.0,14,33,0.0
ldn661,19,21,48.0,9,6,0.0
ldn662,18,57,18.0,12,24,0.0
ldn663,19,36,54.0,7,34,0.0
ldn664,19,20,54.0,9,46,0.0
ldn665,18,39,48.0,14,53,0.0
ldn666,18,40,48.0,15,3,0.0
ldn667,19,5,18.0,12,5,0.0
ldn668,19,43,24.0,7,22,0.0
ldn669,19,2,18.0,12,49,0.0
ldn670,19,42,24.0,7,37,0.0
ldn671,19,37,24.0,8,27,0.0
ldn672,19,47,24.0,7,7,0.0
ldn673,19,20,54.0,11,16,0.0
ldn674,19,28,24.0,10,26,0.0
ldn675,19,24,0.0,11,6,0.0
ldn676,19,21,30.0,11,31,0.0
ldn677,19,22,18.0,11,34,0.0
ldn678,19,44,24.0,8,37,0.0
ldn679,19,13,18.0,12,45,0.0
ldn680,19,44,42.0,8,38,0.0
ldn681,19,44,24.0,8,47,0.0
ldn682,19,28,54.0,10,56,0.0
ldn683,19,21,18.0,11,56,0.0
ldn684,19,21,48.0,12,26,0.0
ldn685,19,29,54.0,11,26,0.0
ldn686,19,23,18.0,12,26,0.0
ldn687,19,38,36.0,10,25,0.0
ldn688,19,38,48.0,10,29,0.0
ldn689,19,40,24.0,10,17,0.0
ldn690,19,40,42.0,10,20,0.0
ldn691,19,29,18.0,11,56,0.0
ldn692,19,22,18.0,12,56,0.0
ldn693,19,10,18.0,14,30,0.0
ldn694,19,40,42.0,10,57,0.0
ldn695,19,44,24.0,10,27,0.0
ldn696,19,29,18.0,12,36,0.0
ldn697,19,2,18.0,16,4,0.0
ldn698,19,26,6.0,13,6,0.0
ldn699,19,29,18.0,12,46,0.0
ldn700,19,41,18.0,11,15,0.0
ldn701,19,34,54.0,12,17,0.0
ldn702,19,36,24.0,12,17,0.0
ldn703,19,47,36.0,10,50,0.0
ldn704,19,26,48.0,13,46,0.0
ldn705,19,36,48.0,12,27,0.0
ldn706,18,20,6.0,21,45,0.0
ldn707,19,48,42.0,11,28,0.0
ldn708,19,2,12.0,17,34,0.0
ldn709,19,14,18.0,16,25,0.0
ldn710,19,2,12.0,18,4,0.0
ldn711,19,2,12.0,18,4,0.0
ldn712,18,59,12.0,18,34,0.0
ldn713,19,12,12.0,17,5,0.0
ldn714,19,12,12.0,17,55,0.0
ldn715,19,5,12.0,19,5,0.0
ldn716,19,23,12.0,17,6,0.0
ldn717,19,16,12.0,18,0,0.0
ldn718,19,12,12.0,18,35,0.0
ldn719,19,3,12.0,19,44,0.0
ldn720,19,37,18.0,15,27,0.0
ldn721,19,31,18.0,16,41,0.0
ldn722,19,24,12.0,18,26,0.0
ldn723,19,18,12.0,19,14,0.0
ldn724,19,12,12.0,20,5,0.0
ldn725,19,28,12.0,18,10,0.0
ldn726,19,46,18.0,15,57,0.0
ldn727,19,31,12.0,18,16,0.0
ldn728,19,9,12.0,21,5,0.0
ldn729,19,40,18.0,17,17,0.0
ldn730,19,20,12.0,19,56,0.0
ldn731,19,38,12.0,17,37,0.0
ldn732,19,19,42.0,20,11,0.0
ldn733,19,44,18.0,17,7,0.0
ldn734,19,8,6.0,22,5,0.0
ldn735,19,22,12.0,20,26,0.0
ldn736,19,14,6.0,21,35,0.0
ldn737,19,40,12.0,18,17,0.0
ldn738,19,21,12.0,20,56,0.0
ldn739,19,24,12.0,20,36,0.0
ldn740,19,28,12.0,20,6,0.0
ldn741,19,21,12.0,21,6,0.0
ldn742,19,33,12.0,19,37,0.0
ldn743,19,38,24.0,18,57,0.0
ldn744,19,19,24.0,21,26,0.0
ldn745,19,48,12.0,17,48,0.0
ldn746,19,22,12.0,21,18,0.0
ldn747,19,41,12.0,18,52,0.0
ldn748,19,25,12.0,21,6,0.0
ldn749,19,15,6.0,22,25,0.0
ldn750,19,18,6.0,22,6,0.0
ldn751,19,21,0.0,21,45,0.0
ldn752,19,38,54.0,19,32,0.0
ldn753,19,48,12.0,18,18,0.0
ldn754,19,47,12.0,18,42,0.0
ldn755,19,27,12.0,21,26,0.0
ldn756,19,27,42.0,21,26,0.0
ldn757,19,42,12.0,19,34,0.0
ldn758,19,46,42.0,18,57,0.0
ldn759,19,10,6.0,24,5,0.0
ldn760,19,30,12.0,21,51,0.0
ldn761,19,36,12.0,21,7,0.0
ldn762,19,19,54.0,23,11,0.0
ldn763,19,18,36.0,23,26,0.0
ldn764,19,19,6.0,23,26,0.0
ldn765,19,44,12.0,20,17,0.0
ldn766,19,49,12.0,19,38,0.0
ldn767,19,25,6.0,22,46,0.0
ldn768,19,28,6.0,22,36,0.0
ldn769,19,24,6.0,23,6,0.0
ldn770,19,32,6.0,22,6,0.0
ldn771,19,20,42.0,23,32,0.0
ldn772,19,25,6.0,23,6,0.0
ldn773,19,22,30.0,23,26,0.0
ldn774,19,22,54.0,23,26,0.0
ldn775,19,23,36.0,23,26,0.0
ldn776,19,35,6.0,22,7,0.0
ldn777,19,12,6.0,25,5,0.0
ldn778,19,27,6.0,23,41,0.0
ldn779,19,30,6.0,23,21,0.0
ldn780,19,14,6.0,25,25,0.0
ldn781,19,28,6.0,23,46,0.0
ldn782,19,28,6.0,23,56,0.0
ldn783,19,27,6.0,24,6,0.0
ldn784,19,29,6.0,24,6,0.0
ldn785,19,34,6.0,24,7,0.0
ldn786,19,31,36.0,24,26,0.0
ldn787,19,53,12.0,22,8,0.0
ldn788,19,33,36.0,24,47,0.0
ldn789,19,49,36.0,23,38,0.0
ldn790,19,35,6.0,25,42,0.0
ldn791,19,49,36.0,23,58,0.0
ldn792,19,37,6.0,25,42,0.0
ldn793,19,39,36.0,25,27,0.0
ldn794,19,37,6.0,26,37,0.0
ldn795,19,37,6.0,26,37,0.0
ldn796,19,44,6.0,26,22,0.0
ldn797,20,5,36.0,23,29,0.0
ldn798,19,47,6.0,26,7,0.0
ldn799,19,42,36.0,26,57,0.0
ldn800,19,44,6.0,26,47,0.0
ldn801,20,3,24.0,24,19,0.0
ldn802,19,59,42.0,24,58,0.0
ldn803,19,42,18.0,27,17,0.0
ldn804,19,42,48.0,27,15,0.0
ldn805,20,1,36.0,24,45,0.0
ldn806,19,44,24.0,27,7,0.0
ldn807,19,43,36.0,27,22,0.0
ldn808,19,45,0.0,27,17,0.0
ldn809,20,4,6.0,25,9,0.0
ldn810,19,45,0.0,27,57,0.0
ldn811,19,40,0.0,28,52,0.0
ldn812,19,45,0.0,28,32,0.0
ldn813,19,43,0.0,29,7,0.0
ldn814,20,4,6.0,26,44,0.0
ldn815,19,47,0.0,29,7,0.0
ldn816,19,36,0.0,30,32,0.0
ldn817,19,41,0.0,30,7,0.0
ldn818,20,17,6.0,26,9,0.0
ldn819,19,48,0.0,30,23,0.0
ldn820,19,45,0.0,30,57,0.0
ldn821,19,37,6.0,32,27,0.0
ldn822,19,46,54.0,32,7,0.0
ldn823,20,9,0.0,30,9,0.0
ldn824,20,16,0.0,29,24,0.0
ldn825,19,51,54.0,33,8,0.0
ldn826,19,48,54.0,33,33,0.0
ldn827,20,18,0.0,29,42,0.0
ldn828,19,50,54.0,33,33,0.0
ldn829,19,53,12.0,33,27,0.0
ldn830,19,51,54.0,33,47,0.0
ldn831,19,53,54.0,33,43,0.0
ldn832,19,54,54.0,33,46,0.0
ldn833,19,54,54.0,33,48,0.0
ldn834,19,53,54.0,34,24,0.0
ldn835,19,53,24.0,34,41,0.0
ldn836,19,53,24.0,34,43,0.0
ldn837,20,23,54.0,30,47,0.0
ldn838,20,24,0.0,30,47,0.0
ldn839,19,59,54.0,34,8,0.0
ldn840,19,54,18.0,35,8,0.0
ldn841,20,11,0.0,33,9,0.0
ldn842,20,20,0.0,32,0,0.0
ldn843,20,20,42.0,31,56,0.0
ldn844,20,30,24.0,30,40,0.0
ldn845,20,5,0.0,34,22,0.0
ldn846,20,42,6.0,29,11,0.0
ldn847,20,1,54.0,35,8,0.0
ldn848,20,5,18.0,34,52,0.0
ldn849,20,4,36.0,35,7,0.0
ldn850,20,11,54.0,34,9,0.0
ldn851,20,30,18.0,31,40,0.0
ldn852,20,5,54.0,35,9,0.0
ldn853,20,6,54.0,35,14,0.0
ldn854,19,57,48.0,36,23,0.0
ldn855,19,58,30.0,36,23,0.0
ldn856,20,8,12.0,35,11,0.0
ldn857,20,1,54.0,36,8,0.0
ldn858,20,11,6.0,34,57,0.0
ldn859,20,31,24.0,32,20,0.0
ldn860,20,4,54.0,36,4,0.0
ldn861,20,0,24.0,36,46,0.0
ldn862,20,6,48.0,36,59,0.0
ldn863,20,7,42.0,37,7,0.0
ldn864,20,42,0.0,32,11,0.0
ldn865,20,4,12.0,37,47,0.0
ldn866,20,7,6.0,37,47,0.0
ldn867,19,59,54.0,38,43,0.0
ldn868,20,47,0.0,32,11,0.0
ldn869,19,59,48.0,39,28,0.0
ldn870,20,37,0.0,35,11,0.0
ldn871,20,5,48.0,39,49,0.0
ldn872,20,1,42.0,40,28,0.0
ldn873,20,41,0.0,35,11,0.0
ldn874,20,42,0.0,35,11,0.0
ldn875,20,7,48.0,39,59,0.0
ldn876,20,9,18.0,39,54,0.0
ldn877,20,14,18.0,39,54,0.0
ldn878,20,8,48.0,40,40,0.0
ldn879,20,20,48.0,39,20,0.0
ldn880,20,13,48.0,40,19,0.0
ldn881,20,17,48.0,39,49,0.0
ldn882,20,19,18.0,39,39,0.0
ldn883,20,19,48.0,39,40,0.0
ldn884,20,5,42.0,41,29,0.0
ldn885,20,9,12.0,41,9,0.0
ldn886,20,18,48.0,39,59,0.0
ldn887,20,3,42.0,42,29,0.0
ldn888,20,18,48.0,40,39,0.0
ldn889,20,24,48.0,40,10,0.0
ldn890,20,3,42.0,42,54,0.0
ldn891,20,13,42.0,41,59,0.0
ldn892,20,15,42.0,41,49,0.0
ldn893,20,12,42.0,42,14,0.0
ldn894,20,15,42.0,41,54,0.0
ldn895,20,15,42.0,42,39,0.0
ldn896,20,41,54.0,39,41,0.0
ldn897,20,24,42.0,42,10,0.0
ldn898,20,41,54.0,39,51,0.0
ldn899,20,23,42.0,42,40,0.0
ldn900,20,24,42.0,42,45,0.0
ldn901,20,21,30.0,43,20,0.0
ldn902,20,21,42.0,43,20,0.0
ldn903,20,8,36.0,45,4,0.0
ldn904,20,52,54.0,39,11,0.0
ldn905,20,9,36.0,45,19,0.0
ldn906,20,36,48.0,42,11,0.0
ldn907,20,45,12.0,41,1,0.0
ldn908,20,19,36.0,45,10,0.0
ldn909,20,19,36.0,45,10,0.0
ldn910,20,19,36.0,45,20,0.0
ldn911,20,40,48.0,42,56,0.0
ldn912,21,8,0.0,38,42,0.0
ldn913,20,24,18.0,45,20,0.0
ldn914,20,51,48.0,41,41,0.0
ldn915,20,45,24.0,43,6,0.0
ldn916,20,57,54.0,41,12,0.0
ldn917,20,40,12.0,44,9,0.0
ldn918,20,40,54.0,44,6,0.0
ldn919,20,32,42.0,45,17,0.0
ldn920,20,32,42.0,45,20,0.0
ldn921,20,33,12.0,45,16,0.0
ldn922,20,38,42.0,44,36,0.0
ldn923,20,34,42.0,45,10,0.0
ldn925,20,33,42.0,45,20,0.0
ldn926,20,35,24.0,45,19,0.0
ldn927,21,3,54.0,41,6,0.0
ldn928,20,41,0.0,44,36,0.0
ldn929,20,35,42.0,45,20,0.0
ldn930,20,36,54.0,45,21,0.0
ldn931,20,47,48.0,43,51,0.0
ldn932,21,5,54.0,41,52,0.0
ldn933,20,52,48.0,44,11,0.0
ldn934,21,7,6.0,42,7,0.0
ldn935,20,56,48.0,43,52,0.0
ldn936,20,51,42.0,45,11,0.0
ldn937,21,9,54.0,42,27,0.0
ldn938,21,8,54.0,42,42,0.0
ldn939,20,31,6.0,48,10,0.0
ldn940,20,53,42.0,45,35,0.0
ldn941,20,56,42.0,45,50,0.0
ldn942,21,16,24.0,43,13,0.0
ldn943,21,16,42.0,43,24,0.0
ldn944,21,17,42.0,43,18,0.0
ldn945,20,57,42.0,46,32,0.0
ldn946,21,19,0.0,43,28,0.0
ldn947,21,20,0.0,43,19,0.0
ldn948,21,20,42.0,43,15,0.0
ldn949,21,19,24.0,43,32,0.0
ldn950,21,0,30.0,46,37,0.0
ldn951,21,21,6.0,43,19,0.0
ldn952,21,20,30.0,43,28,0.0
ldn953,21,21,24.0,43,23,0.0
ldn954,21,1,42.0,47,12,0.0
ldn955,20,57,42.0,47,52,0.0
ldn956,21,11,36.0,45,58,0.0
ldn957,21,0,42.0,47,47,0.0
ldn958,20,59,0.0,48,7,0.0
ldn959,21,11,48.0,46,32,0.0
ldn960,21,8,30.0,47,10,0.0
ldn961,21,8,48.0,47,14,0.0
ldn962,21,1,42.0,48,22,0.0
ldn963,21,13,48.0,46,32,0.0
ldn964,21,9,30.0,47,22,0.0
ldn965,21,19,48.0,45,53,0.0
ldn966,21,0,12.0,49,2,0.0
ldn967,21,10,12.0,47,34,0.0
ldn968,21,22,30.0,45,33,0.0
ldn969,21,33,54.0,43,35,0.0
ldn970,21,12,48.0,47,22,0.0
ldn971,21,0,48.0,49,19,0.0
ldn972,21,21,18.0,46,8,0.0
ldn973,21,37,24.0,43,14,0.0
ldn974,21,19,18.0,46,38,0.0
ldn975,21,11,42.0,47,52,0.0
ldn976,21,24,6.0,46,1,0.0
ldn977,21,39,0.0,43,14,0.0
ldn978,21,1,6.0,49,42,0.0
ldn979,21,39,30.0,43,22,0.0
ldn980,21,24,48.0,46,13,0.0
ldn981,20,59,36.0,50,12,0.0
ldn982,21,2,24.0,49,55,0.0
ldn983,21,32,24.0,45,3,0.0
ldn984,21,1,36.0,50,12,0.0
ldn985,20,59,6.0,50,35,0.0
ldn986,21,32,24.0,45,13,0.0
ldn987,21,0,48.0,50,41,0.0
ldn988,21,4,36.0,50,12,0.0
ldn989,21,21,48.0,47,33,0.0
ldn990,20,58,54.0,51,17,0.0
ldn991,21,2,18.0,50,53,0.0
ldn992,20,54,30.0,52,1,0.0
ldn993,21,26,36.0,47,25,0.0
ldn994,21,26,0.0,47,39,0.0
ldn995,21,26,42.0,47,31,0.0
ldn996,20,57,30.0,51,57,0.0
ldn997,21,26,36.0,47,41,0.0
ldn998,21,4,6.0,51,12,0.0
ldn999,21,7,36.0,50,42,0.0
ldn1000,21,6,36.0,50,52,0.0
ldn1001,21,27,18.0,47,41,0.0
ldn1002,20,56,30.0,52,42,0.0
ldn1003,20,59,30.0,52,22,0.0
ldn1004,21,1,30.0,52,22,0.0
ldn1005,21,13,42.0,50,42,0.0
ldn1006,21,31,18.0,47,48,0.0
ldn1007,21,25,18.0,48,53,0.0
ldn1008,21,26,48.0,49,3,0.0
ldn1009,21,33,48.0,47,53,0.0
ldn1010,21,38,54.0,47,4,0.0
ldn1011,21,6,36.0,52,22,0.0
ldn1012,21,34,6.0,48,6,0.0
ldn1013,21,0,30.0,53,22,0.0
ldn1014,21,24,0.0,50,0,0.0
ldn1015,21,0,30.0,53,32,0.0
ldn1016,21,19,48.0,51,1,0.0
ldn1017,21,25,18.0,50,10,0.0
ldn1018,21,4,30.0,53,17,0.0
ldn1019,21,21,0.0,50,57,0.0
ldn1020,21,42,54.0,47,14,0.0
ldn1021,21,21,36.0,51,2,0.0
ldn1022,21,9,36.0,52,52,0.0
ldn1023,20,58,30.0,54,22,0.0
ldn1024,21,42,18.0,47,32,0.0
ldn1026,21,1,30.0,54,2,0.0
ldn1027,21,6,30.0,53,22,0.0
ldn1028,21,5,30.0,53,32,0.0
ldn1029,21,1,30.0,54,12,0.0
ldn1030,21,46,30.0,47,6,0.0
ldn1031,21,45,54.0,47,14,0.0
ldn1032,21,3,30.0,54,7,0.0
ldn1033,20,37,12.0,57,11,0.0
ldn1034,21,5,30.0,54,2,0.0
ldn1035,21,44,42.0,47,44,0.0
ldn1036,20,38,12.0,57,11,0.0
ldn1037,20,54,24.0,55,26,0.0
ldn1038,20,46,18.0,56,21,0.0
ldn1039,20,42,18.0,56,51,0.0
ldn1040,21,46,36.0,47,44,0.0
ldn1041,20,38,12.0,57,31,0.0
ldn1042,21,49,12.0,47,24,0.0
ldn1043,21,39,48.0,49,14,0.0
ldn1044,20,41,12.0,57,21,0.0
ldn1045,21,48,24.0,47,39,0.0
ldn1046,21,43,18.0,48,44,0.0
ldn1047,21,48,6.0,47,52,0.0
ldn1048,21,35,18.0,50,20,0.0
ldn1049,20,42,12.0,57,31,0.0
ldn1050,21,5,30.0,54,52,0.0
ldn1051,20,42,42.0,57,31,0.0
ldn1052,21,47,54.0,48,8,0.0
ldn1053,20,59,24.0,55,42,0.0
ldn1054,21,34,48.0,50,43,0.0
ldn1055,21,53,12.0,47,12,0.0
ldn1056,20,58,24.0,56,2,0.0
ldn1057,21,43,48.0,49,34,0.0
ldn1058,21,2,24.0,56,2,0.0
ldn1059,21,40,48.0,50,44,0.0
ldn1060,21,11,30.0,55,17,0.0
ldn1061,20,58,18.0,57,22,0.0
ldn1062,21,13,30.0,55,32,0.0
ldn1063,21,7,24.0,56,22,0.0
ldn1064,21,13,30.0,55,37,0.0
ldn1065,21,7,24.0,56,32,0.0
ldn1066,21,47,48.0,50,44,0.0
ldn1067,21,9,24.0,56,42,0.0
ldn1068,21,6,18.0,57,7,0.0
ldn1069,21,8,24.0,56,52,0.0
ldn1070,21,46,48.0,51,4,0.0
ldn1071,20,58,18.0,58,12,0.0
ldn1072,21,16,30.0,56,13,0.0
ldn1073,21,48,18.0,51,24,0.0
ldn1074,21,34,42.0,53,53,0.0
ldn1075,21,31,36.0,54,23,0.0
ldn1076,20,49,18.0,59,51,0.0
ldn1077,21,37,42.0,53,44,0.0
ldn1078,21,36,42.0,54,4,0.0
ldn1079,21,32,36.0,54,43,0.0
ldn1080,21,21,30.0,56,33,0.0
ldn1081,21,36,36.0,54,24,0.0
ldn1082,20,51,6.0,60,11,0.0
ldn1083,21,33,36.0,55,58,0.0
ldn1084,21,41,42.0,54,54,0.0
ldn1085,21,33,30.0,56,45,0.0
ldn1086,21,28,30.0,57,33,0.0
ldn1087,21,35,36.0,56,33,0.0
ldn1088,21,38,36.0,56,14,0.0
ldn1089,20,32,48.0,63,30,0.0
ldn1090,21,35,36.0,56,43,0.0
ldn1091,22,0,48.0,52,54,0.0
ldn1092,21,37,36.0,56,59,0.0
ldn1093,21,33,30.0,57,38,0.0
ldn1094,20,32,48.0,64,0,0.0
ldn1095,21,42,36.0,56,19,0.0
ldn1096,21,31,30.0,58,3,0.0
ldn1097,21,46,42.0,55,44,0.0
ldn1098,21,34,30.0,57,38,0.0
ldn1099,21,36,30.0,57,24,0.0
ldn1100,20,34,48.0,64,0,0.0
ldn1101,21,39,36.0,56,59,0.0
ldn1102,21,32,30.0,58,3,0.0
ldn1103,21,41,42.0,56,44,0.0
ldn1104,21,42,6.0,56,44,0.0
ldn1105,21,37,6.0,57,34,0.0
ldn1106,21,42,36.0,56,54,0.0
ldn1107,21,56,48.0,54,29,0.0
ldn1108,21,26,24.0,59,33,0.0
ldn1109,21,51,42.0,55,49,0.0
ldn1110,21,39,30.0,57,54,0.0
ldn1111,21,39,30.0,57,54,0.0
ldn1112,21,38,30.0,58,4,0.0
ldn1113,21,44,36.0,57,12,0.0
ldn1114,21,49,42.0,56,24,0.0
ldn1115,21,46,36.0,56,59,0.0
ldn1116,21,36,30.0,58,34,0.0
ldn1117,21,38,30.0,58,19,0.0
ldn1118,21,46,36.0,57,13,0.0
ldn1119,21,13,12.0,61,42,0.0
ldn1120,21,47,36.0,57,9,0.0
ldn1121,21,40,30.0,58,17,0.0
ldn1122,20,32,42.0,65,20,0.0
ldn1123,21,39,30.0,58,29,0.0
ldn1124,21,41,30.0,58,14,0.0
ldn1125,21,14,42.0,61,43,0.0
ldn1126,21,39,30.0,58,34,0.0
ldn1127,21,40,54.0,58,34,0.0
ldn1128,21,41,30.0,58,34,0.0
ldn1129,21,46,36.0,57,54,0.0
ldn1130,21,44,36.0,58,19,0.0
ldn1131,21,40,0.0,59,34,0.0
ldn1132,21,46,36.0,58,44,0.0
ldn1133,22,2,42.0,56,15,0.0
ldn1134,21,41,30.0,60,14,0.0
ldn1135,21,39,24.0,60,39,0.0
ldn1136,21,45,30.0,59,59,0.0
ldn1137,21,51,36.0,59,4,0.0
ldn1138,21,51,36.0,59,4,0.0
ldn1139,21,55,36.0,58,34,0.0
ldn1140,21,40,24.0,60,54,0.0
ldn1141,21,55,36.0,58,44,0.0
ldn1142,21,56,36.0,59,4,0.0
ldn1143,21,57,36.0,58,59,0.0
ldn1144,21,50,30.0,60,7,0.0
ldn1145,21,31,18.0,62,43,0.0
ldn1146,21,31,18.0,62,43,0.0
ldn1147,20,40,30.0,67,21,0.0
ldn1148,20,40,30.0,67,21,0.0
ldn1149,21,57,36.0,59,7,0.0
ldn1150,22,15,48.0,56,0,0.0
ldn1151,21,59,36.0,59,4,0.0
ldn1152,20,34,24.0,68,0,0.0
ldn1153,22,0,36.0,58,59,0.0
ldn1154,22,16,48.0,56,13,0.0
ldn1155,20,43,30.0,67,41,0.0
ldn1156,22,19,54.0,55,45,0.0
ldn1157,20,39,30.0,68,1,0.0
ldn1158,20,44,30.0,67,41,0.0
ldn1159,22,6,42.0,58,35,0.0
ldn1160,22,4,42.0,59,0,0.0
ldn1161,22,19,54.0,56,8,0.0
ldn1162,21,20,0.0,65,3,0.0
ldn1163,22,20,54.0,56,10,0.0
ldn1164,22,6,42.0,59,10,0.0
ldn1165,22,7,12.0,59,5,0.0
ldn1166,22,5,42.0,59,35,0.0
ldn1167,21,3,42.0,67,2,0.0
ldn1168,20,56,36.0,67,37,0.0
ldn1169,22,7,12.0,59,45,0.0
ldn1170,21,1,42.0,67,37,0.0
ldn1171,20,53,30.0,68,19,0.0
ldn1172,21,2,42.0,67,42,0.0
ldn1173,21,4,42.0,67,42,0.0
ldn1174,21,2,36.0,68,12,0.0
ldn1175,22,13,42.0,60,45,0.0
ldn1176,21,31,0.0,66,43,0.0
ldn1177,21,18,48.0,68,16,0.0
ldn1178,22,9,6.0,62,20,0.0
ldn1179,22,27,18.0,59,2,0.0
ldn1180,22,26,48.0,59,15,0.0
ldn1181,21,42,6.0,66,9,0.0
ldn1182,22,13,6.0,61,55,0.0
ldn1183,21,42,6.0,66,14,0.0
ldn1184,22,20,42.0,60,45,0.0
ldn1185,22,29,18.0,59,5,0.0
ldn1186,22,13,36.0,62,8,0.0
ldn1187,22,38,0.0,57,16,0.0
ldn1188,22,16,42.0,61,45,0.0
ldn1189,22,39,0.0,57,16,0.0
ldn1190,22,30,48.0,59,8,0.0
ldn1191,22,14,6.0,62,25,0.0
ldn1192,22,33,54.0,58,36,0.0
ldn1193,22,14,36.0,62,25,0.0
ldn1194,22,32,54.0,59,5,0.0
ldn1195,22,26,48.0,61,15,0.0
ldn1196,22,26,48.0,61,15,0.0
ldn1197,22,37,54.0,58,56,0.0
ldn1198,22,36,54.0,59,26,0.0
ldn1199,21,35,54.0,68,33,0.0
ldn1200,22,46,0.0,58,46,0.0
ldn1201,22,23,42.0,63,30,0.0
ldn1202,22,26,42.0,63,5,0.0
ldn1203,22,27,42.0,63,0,0.0
ldn1204,22,26,42.0,63,15,0.0
ldn1205,22,45,54.0,60,26,0.0
ldn1206,22,28,42.0,64,25,0.0
ldn1207,22,29,42.0,64,25,0.0
ldn1208,22,30,42.0,64,25,0.0
ldn1209,22,29,42.0,64,45,0.0
ldn1210,22,44,54.0,62,6,0.0
ldn1211,22,46,54.0,62,11,0.0
ldn1212,22,47,54.0,62,13,0.0
ldn1213,22,31,36.0,65,25,0.0
ldn1214,22,33,36.0,65,46,0.0
ldn1215,22,51,54.0,62,6,0.0
ldn1216,22,51,54.0,62,16,0.0
ldn1217,22,13,6.0,70,45,0.0
ldn1218,23,2,0.0,62,16,0.0
ldn1219,22,11,36.0,71,0,0.0
ldn1220,23,4,6.0,61,51,0.0
ldn1221,22,28,24.0,69,0,0.0
ldn1222,23,5,6.0,61,46,0.0
ldn1223,22,56,54.0,64,16,0.0
ldn1224,23,4,0.0,63,46,0.0
ldn1225,23,12,6.0,61,36,0.0
ldn1226,23,10,6.0,62,16,0.0
ldn1227,23,10,6.0,62,19,0.0
ldn1228,20,59,0.0,77,32,0.0
ldn1229,23,14,6.0,61,59,0.0
ldn1230,23,14,6.0,62,1,0.0
ldn1231,23,18,12.0,61,16,0.0
ldn1232,23,17,12.0,61,46,0.0
ldn1233,23,16,30.0,62,20,0.0
ldn1234,23,17,12.0,62,24,0.0
ldn1235,22,14,54.0,73,25,0.0
ldn1236,22,52,42.0,68,56,0.0
ldn1237,23,22,36.0,62,36,0.0
ldn1238,23,32,18.0,59,47,0.0
ldn1239,23,12,18.0,66,4,0.0
ldn1240,23,11,0.0,66,26,0.0
ldn1241,21,50,0.0,76,44,0.0
ldn1242,22,31,12.0,73,15,0.0
ldn1243,22,10,36.0,75,20,0.0
ldn1244,23,25,12.0,62,46,0.0
ldn1245,23,32,18.0,60,47,0.0
ldn1246,23,25,12.0,63,36,0.0
ldn1247,22,20,48.0,75,15,0.0
ldn1248,23,32,18.0,62,17,0.0
ldn1249,23,44,24.0,58,57,0.0
ldn1250,23,22,6.0,67,16,0.0
ldn1251,22,36,0.0,75,16,0.0
ldn1252,23,45,24.0,63,17,0.0
ldn1253,23,56,30.0,58,32,0.0
ldn1254,23,56,30.0,58,47,0.0
ldn1255,23,53,30.0,60,32,0.0
ldn1256,23,55,30.0,60,2,0.0
ldn1257,23,57,30.0,59,40,0.0
ldn1258,23,59,0.0,59,37,0.0
ldn1259,23,22,54.0,74,16,0.0
ldn1260,23,57,0.0,64,57,0.0
ldn1261,23,27,0.0,74,17,0.0
ldn1262,23,27,0.0,74,17,0.0
ldn1263,23,57,30.0,64,51,0.0
ldn1264,23,52,30.0,68,17,0.0
ldn1265,0,9,36.0,58,52,0.0
ldn1266,23,57,30.0,67,17,0.0
ldn1267,0,0,36.0,66,47,0.0
ldn1268,23,59,30.0,67,27,0.0
ldn1269,0,0,36.0,67,10,0.0
ldn1270,0,1,36.0,67,10,0.0
ldn1271,0,1,36.0,67,17,0.0
ldn1272,0,2,36.0,67,17,0.0
ldn1273,0,2,36.0,68,32,0.0
ldn1274,23,57,30.0,70,57,0.0
ldn1275,0,6,36.0,67,27,0.0
ldn1276,0,12,42.0,64,2,0.0
ldn1277,0,13,42.0,64,2,0.0
ldn1278,0,15,42.0,63,52,0.0
ldn1279,0,17,42.0,63,47,0.0
ldn1280,0,19,42.0,62,40,0.0
ldn1281,0,18,42.0,63,57,0.0
ldn1282,0,21,42.0,61,47,0.0
ldn1283,0,22,48.0,61,43,0.0
ldn1284,0,21,48.0,63,12,0.0
ldn1285,0,24,48.0,63,12,0.0
ldn1286,0,34,48.0,58,57,0.0
ldn1287,0,35,54.0,63,27,0.0
ldn1288,0,38,0.0,66,6,0.0
ldn1289,21,31,24.0,88,24,0.0
ldn1290,0,41,54.0,61,6,0.0
ldn1291,0,42,12.0,62,1,0.0
ldn1292,21,40,30.0,88,34,0.0
ldn1293,0,41,54.0,63,6,0.0
ldn1294,0,42,18.0,62,16,0.0
ldn1295,0,44,48.0,52,26,0.0
ldn1296,0,44,48.0,52,46,0.0
ldn1297,0,43,0.0,62,46,0.0
ldn1298,0,43,24.0,61,6,0.0
ldn1299,0,45,6.0,55,44,0.0
ldn1300,0,43,54.0,61,26,0.0
ldn1301,0,43,48.0,62,27,0.0
ldn1302,0,43,54.0,61,51,0.0
ldn1303,0,43,0.0,65,16,0.0
ldn1304,0,43,6.0,69,46,0.0
ldn1305,1,3,18.0,67,46,0.0
ldn1306,1,3,6.0,62,16,0.0
ldn1307,1,5,12.0,65,16,0.0
ldn1308,1,13,42.0,72,56,0.0
ldn1309,1,7,12.0,62,16,0.0
ldn1310,1,7,6.0,59,16,0.0
ldn1311,11,24,36.0,84,44,0.0
ldn1312,1,14,12.0,62,6,0.0
ldn1313,1,16,12.0,61,41,0.0
ldn1314,1,17,12.0,61,26,0.0
ldn1315,1,20,18.0,63,6,0.0
ldn1316,1,19,12.0,61,26,0.0
ldn1317,1,23,6.0,61,51,0.0
ldn1319,1,23,18.0,61,16,0.0
ldn1320,4,15,12.0,85,38,0.0
ldn1321,10,36,42.0,84,14,0.0
ldn1322,1,24,18.0,61,16,0.0
ldn1323,1,25,18.0,61,26,0.0
ldn1324,1,26,18.0,61,36,0.0
ldn1325,1,29,54.0,63,5,0.0
ldn1326,1,30,42.0,63,5,0.0
ldn1327,1,34,30.0,65,25,0.0
ldn1328,1,38,36.0,67,15,0.0
ldn1329,1,35,30.0,65,15,0.0
ldn1330,1,36,30.0,65,15,0.0
ldn1331,1,38,30.0,64,30,0.0
ldn1332,1,42,30.0,62,3,0.0
ldn1333,2,26,6.0,75,29,0.0
ldn1334,1,43,30.0,61,57,0.0
ldn1335,1,51,42.0,66,5,0.0
ldn1336,1,53,48.0,66,45,0.0
ldn1337,1,45,30.0,61,55,0.0
ldn1338,1,54,36.0,62,43,0.0
ldn1339,1,54,36.0,62,31,0.0
ldn1340,2,30,42.0,72,57,0.0
ldn1341,1,55,48.0,62,42,0.0
ldn1343,1,56,6.0,62,25,0.0
ldn1345,1,57,6.0,62,39,0.0
ldn1346,1,57,6.0,62,38,0.0
ldn1347,1,58,6.0,62,20,0.0
ldn1348,1,58,36.0,62,25,0.0
ldn1349,2,13,54.0,66,14,0.0
ldn1350,2,9,30.0,60,59,0.0
ldn1351,2,10,42.0,60,49,0.0
ldn1352,2,35,12.0,67,23,0.0
ldn1353,2,44,24.0,68,13,0.0
ldn1354,2,19,42.0,61,44,0.0
ldn1355,2,52,42.0,69,2,0.0
ldn1356,2,22,48.0,61,44,0.0
ldn1357,2,52,30.0,68,52,0.0
ldn1358,2,55,36.0,69,22,0.0
ldn1359,2,25,48.0,62,4,0.0
ldn1360,2,26,48.0,61,13,0.0
ldn1361,2,28,18.0,61,38,0.0
ldn1362,2,27,48.0,61,13,0.0
ldn1363,2,27,48.0,61,3,0.0
ldn1364,2,29,48.0,61,33,0.0
ldn1365,2,28,48.0,60,48,0.0
ldn1366,2,32,48.0,61,43,0.0
ldn1367,2,31,48.0,61,18,0.0
ldn1368,2,32,48.0,61,23,0.0
ldn1369,2,33,48.0,61,23,0.0
ldn1370,2,31,48.0,60,28,0.0
ldn1371,2,34,48.0,60,43,0.0
ldn1372,2,37,48.0,61,23,0.0
ldn1373,2,37,48.0,61,13,0.0
ldn1374,2,34,42.0,58,23,0.0
ldn1375,2,44,54.0,60,53,0.0
ldn1376,2,43,48.0,60,33,0.0
ldn1377,3,15,6.0,61,1,0.0
ldn1378,3,14,54.0,60,20,0.0
ldn1379,3,15,30.0,60,21,0.0
ldn1380,3,15,42.0,60,9,0.0
ldn1381,3,16,30.0,60,13,0.0
ldn1382,3,17,0.0,60,4,0.0
ldn1383,3,18,0.0,60,6,0.0
ldn1384,3,20,0.0,60,1,0.0
ldn1385,3,21,0.0,59,49,0.0
ldn1386,3,22,12.0,59,41,0.0
ldn1387,3,56,30.0,56,4,0.0
ldn1388,4,3,0.0,56,48,0.0
ldn1389,4,4,30.0,56,54,0.0
ldn1390,4,9,0.0,55,8,0.0
ldn1391,3,57,48.0,53,9,0.0
ldn1392,4,14,0.0,55,8,0.0
ldn1393,4,13,0.0,54,48,0.0
ldn1394,4,17,0.0,55,17,0.0
ldn1395,4,13,54.0,54,8,0.0
ldn1396,4,21,0.0,55,7,0.0
ldn1397,4,21,0.0,54,52,0.0
ldn1398,4,19,0.0,54,27,0.0
ldn1399,4,24,0.0,55,7,0.0
ldn1400,4,25,0.0,54,57,0.0
ldn1401,4,28,0.0,55,13,0.0
ldn1402,4,24,0.0,54,37,0.0
ldn1403,4,28,30.0,55,12,0.0
ldn1404,4,30,0.0,55,17,0.0
ldn1405,4,34,0.0,55,16,0.0
ldn1406,4,38,6.0,55,24,0.0
ldn1407,4,30,0.0,54,17,0.0
ldn1408,4,32,0.0,54,31,0.0
ldn1409,4,36,0.0,54,56,0.0
ldn1410,4,36,0.0,54,51,0.0
ldn1411,4,36,0.0,54,26,0.0
ldn1412,4,37,0.0,54,26,0.0
ldn1414,4,34,0.0,53,26,0.0
ldn1415,4,42,0.0,54,26,0.0
ldn1416,4,40,0.0,54,6,0.0
ldn1417,4,41,0.0,53,56,0.0
ldn1418,4,33,54.0,52,36,0.0
ldn1419,4,51,6.0,54,45,0.0
ldn1420,4,32,54.0,52,16,0.0
ldn1421,4,32,54.0,52,1,0.0
ldn1422,4,49,0.0,54,5,0.0
ldn1423,4,45,0.0,53,21,0.0
ldn1424,4,45,0.0,53,16,0.0
ldn1425,4,46,0.0,53,5,0.0
ldn1426,4,47,0.0,53,5,0.0
ldn1427,4,43,54.0,52,41,0.0
ldn1428,4,43,54.0,52,36,0.0
ldn1429,4,47,54.0,52,5,0.0
ldn1430,4,48,54.0,52,8,0.0
ldn1431,4,47,54.0,52,0,0.0
ldn1432,4,51,54.0,52,5,0.0
ldn1433,4,50,54.0,51,55,0.0
ldn1434,3,36,18.0,37,40,0.0
ldn1435,4,50,54.0,51,35,0.0
ldn1436,4,53,54.0,51,45,0.0
ldn1437,4,59,18.0,52,5,0.0
ldn1438,4,55,54.0,51,35,0.0
ldn1439,5,0,54.0,52,4,0.0
ldn1440,3,57,54.0,41,29,0.0
ldn1441,4,0,6.0,41,33,0.0
ldn1442,3,50,18.0,38,59,0.0
ldn1443,4,0,24.0,40,48,0.0
ldn1444,4,33,42.0,46,56,0.0
ldn1445,4,32,6.0,46,36,0.0
ldn1446,3,46,18.0,37,9,0.0
ldn1447,4,3,24.0,40,48,0.0
ldn1448,3,26,6.0,30,40,0.0
ldn1449,3,53,18.0,37,39,0.0
ldn1450,3,29,36.0,31,20,0.0
ldn1451,3,26,6.0,30,10,0.0
ldn1452,3,28,6.0,30,40,0.0
ldn1453,2,56,0.0,20,17,0.0
ldn1454,2,56,48.0,20,12,0.0
ldn1455,3,28,6.0,30,10,0.0
ldn1456,3,55,18.0,37,9,0.0
ldn1457,2,55,48.0,19,32,0.0
ldn1458,2,57,48.0,20,12,0.0
ldn1459,4,8,24.0,39,38,0.0
ldn1460,5,44,0.0,52,21,0.0
ldn1461,4,41,54.0,44,56,0.0
ldn1462,4,0,18.0,36,58,0.0
ldn1463,4,1,18.0,36,53,0.0
ldn1464,4,0,42.0,36,40,0.0
ldn1465,4,52,42.0,46,0,0.0
ldn1466,5,48,0.0,52,11,0.0
ldn1467,5,49,0.0,52,11,0.0
ldn1468,3,40,6.0,31,25,0.0
ldn1469,4,3,6.0,36,38,0.0
ldn1470,3,43,6.0,31,49,0.0
ldn1471,3,48,0.0,32,54,0.0
ldn1472,3,41,6.0,31,10,0.0
ldn1473,4,11,18.0,38,8,0.0
ldn1474,4,48,36.0,44,5,0.0
ldn1475,5,3,36.0,45,4,0.0
ldn1476,5,3,36.0,44,34,0.0
ldn1477,5,3,36.0,44,4,0.0
ldn1478,4,23,18.0,37,7,0.0
ldn1479,4,38,24.0,39,36,0.0
ldn1480,5,5,36.0,43,34,0.0
ldn1481,4,39,24.0,38,16,0.0
ldn1482,4,28,18.0,35,37,0.0
ldn1483,4,35,18.0,36,26,0.0
ldn1484,4,3,6.0,29,8,0.0
ldn1485,4,37,18.0,35,41,0.0
ldn1486,4,8,6.0,29,8,0.0
ldn1487,4,39,18.0,34,56,0.0
ldn1488,4,53,24.0,36,42,0.0
ldn1489,4,4,42.0,26,28,0.0
ldn1490,4,52,0.0,35,40,0.0
ldn1491,4,4,36.0,26,17,0.0
ldn1492,4,49,18.0,35,5,0.0
ldn1493,4,54,18.0,35,40,0.0
ldn1494,4,54,12.0,35,13,0.0
ldn1495,4,18,6.0,27,37,0.0
ldn1496,4,43,12.0,32,6,0.0
ldn1497,4,27,6.0,28,37,0.0
ldn1498,4,11,0.0,24,58,0.0
ldn1499,4,10,30.0,24,48,0.0
ldn1500,4,33,6.0,29,26,0.0
ldn1501,4,15,0.0,25,7,0.0
ldn1502,5,3,18.0,34,4,0.0
ldn1503,4,40,24.0,29,56,0.0
ldn1504,4,41,12.0,29,56,0.0
ldn1505,4,48,12.0,31,5,0.0
ldn1506,4,20,0.0,25,17,0.0
ldn1507,4,43,12.0,29,46,0.0
ldn1508,4,41,6.0,29,6,0.0
ldn1509,5,34,12.0,37,17,0.0
ldn1510,5,16,18.0,34,48,0.0
ldn1511,4,20,0.0,24,47,0.0
ldn1512,5,3,48.0,32,47,0.0
ldn1513,4,52,12.0,30,50,0.0
ldn1514,4,42,36.0,29,6,0.0
ldn1515,4,53,12.0,30,55,0.0
ldn1516,5,23,18.0,35,3,0.0
ldn1517,4,55,12.0,30,35,0.0
ldn1518,5,39,24.0,37,2,0.0
ldn1519,4,55,42.0,30,35,0.0
ldn1520,4,44,6.0,28,26,0.0
ldn1521,4,33,6.0,26,6,0.0
ldn1522,5,7,12.0,32,4,0.0
ldn1523,5,6,12.0,31,44,0.0
ldn1524,4,28,0.0,24,37,0.0
ldn1525,5,42,0.0,36,19,0.0
ldn1526,5,28,36.0,34,31,0.0
ldn1527,4,39,6.0,26,16,0.0
ldn1528,4,37,6.0,25,46,0.0
ldn1529,4,32,0.0,24,26,0.0
ldn1530,5,23,18.0,33,3,0.0
ldn1531,4,32,0.0,24,19,0.0
ldn1532,4,40,6.0,25,46,0.0
ldn1533,4,36,12.0,24,55,0.0
ldn1534,4,40,6.0,25,36,0.0
ldn1535,4,35,30.0,23,54,0.0
ldn1536,4,33,0.0,23,6,0.0
ldn1537,4,51,6.0,26,25,0.0
ldn1538,4,46,6.0,25,5,0.0
ldn1539,4,56,6.0,26,35,0.0
ldn1540,5,1,6.0,26,9,0.0
ldn1541,4,44,0.0,22,46,0.0
ldn1542,5,1,6.0,25,34,0.0
ldn1543,4,27,24.0,18,52,0.0
ldn1544,5,4,6.0,25,14,0.0
ldn1545,5,15,18.0,26,43,0.0
ldn1546,4,28,54.0,18,27,0.0
ldn1547,5,16,6.0,26,23,0.0
ldn1548,5,16,6.0,26,13,0.0
ldn1549,5,17,6.0,26,13,0.0
ldn1550,6,0,18.0,32,10,0.0
ldn1551,4,31,24.0,18,6,0.0
ldn1552,5,17,42.0,26,3,0.0
ldn1553,5,19,6.0,26,13,0.0
ldn1554,5,20,0.0,26,13,0.0
ldn1555,6,1,18.0,31,50,0.0
ldn1556,4,37,24.0,16,56,0.0
ldn1557,6,6,12.0,30,0,0.0
ldn1558,4,45,54.0,17,5,0.0
ldn1559,5,26,0.0,23,3,0.0
ldn1560,6,13,12.0,27,59,0.0
ldn1561,4,50,48.0,12,17,0.0
ldn1562,5,1,48.0,14,4,0.0
ldn1563,5,1,48.0,13,49,0.0
ldn1564,6,18,0.0,23,14,0.0
ldn1565,6,21,0.0,23,19,0.0
ldn1566,6,21,0.0,23,9,0.0
ldn1567,6,22,30.0,23,18,0.0
ldn1568,6,23,0.0,22,58,0.0
ldn1569,4,1,6.0,0,38,0.0
ldn1570,6,7,0.0,19,20,0.0
ldn1571,5,10,48.0,10,34,0.0
ldn1572,5,10,48.0,10,34,0.0
ldn1573,5,30,48.0,13,32,0.0
ldn1574,6,7,42.0,18,30,0.0
ldn1576,6,8,18.0,18,10,0.0
ldn1577,5,29,48.0,12,32,0.0
ldn1578,6,8,24.0,17,59,0.0
ldn1579,5,39,48.0,13,47,0.0
ldn1580,5,33,48.0,12,52,0.0
ldn1581,5,29,24.0,12,12,0.0
ldn1582,5,31,48.0,12,32,0.0
ldn1583,5,28,48.0,12,2,0.0
ldn1584,5,31,36.0,12,17,0.0
ldn1585,5,40,48.0,13,21,0.0
ldn1586,6,5,54.0,16,0,0.0
ldn1587,6,7,54.0,16,0,0.0
ldn1588,5,20,42.0,8,23,0.0
ldn1589,5,18,18.0,7,23,0.0
ldn1590,5,20,42.0,7,23,0.0
ldn1591,6,9,48.0,13,39,0.0
ldn1594,5,44,42.0,9,1,0.0
ldn1595,5,27,42.0,6,32,0.0
ldn1596,5,45,42.0,9,1,0.0
ldn1597,5,50,12.0,8,41,0.0
ldn1598,5,52,24.0,8,21,0.0
ldn1599,5,49,42.0,7,31,0.0
ldn1600,6,30,48.0,12,58,0.0
ldn1601,6,29,48.0,12,23,0.0
ldn1602,5,44,42.0,6,1,0.0
ldn1604,6,28,48.0,11,38,0.0
ldn1605,6,32,48.0,10,38,0.0
ldn1606,6,29,48.0,10,13,0.0
ldn1607,6,30,48.0,10,18,0.0
ldn1608,6,36,48.0,10,47,0.0
ldn1609,6,36,18.0,10,27,0.0
ldn1610,6,38,0.0,10,27,0.0
ldn1611,6,0,42.0,5,0,0.0
ldn1612,6,2,42.0,4,40,0.0
ldn1613,6,40,42.0,9,27,0.0
ldn1614,5,35,30.0,-0,38,0.0
ldn1615,5,5,30.0,-3,26,0.0
ldn1616,5,6,30.0,-3,26,0.0
ldn1617,5,54,36.0,3,0,0.0
ldn1618,6,5,36.0,4,20,0.0
ldn1619,6,4,36.0,4,10,0.0
ldn1620,5,36,36.0,-0,8,0.0
ldn1621,5,55,0.0,2,20,0.0
ldn1622,5,54,36.0,2,0,0.0
ldn1623,6,7,36.0,3,30,0.0
ldn1624,5,57,36.0,2,0,0.0
ldn1625,6,27,42.0,5,58,0.0
ldn1626,6,44,42.0,7,57,0.0
ldn1627,5,46,36.0,0,1,0.0
ldn1628,6,12,36.0,2,59,0.0
ldn1629,6,9,36.0,2,29,0.0
ldn1630,5,45,30.0,-0,59,0.0
ldn1631,6,44,12.0,6,22,0.0
ldn1632,5,59,36.0,0,30,0.0
ldn1633,6,24,36.0,3,28,0.0
ldn1634,5,18,30.0,-5,47,0.0
ldn1635,5,41,6.0,-3,9,0.0
ldn1636,5,41,24.0,-3,10,0.0
ldn1637,6,43,36.0,3,57,0.0
ldn1638,5,57,30.0,-2,30,0.0
ldn1639,6,51,36.0,4,26,0.0
ldn1640,5,33,30.0,-5,48,0.0
ldn1641,5,37,24.0,-6,58,0.0
ldn1642,4,35,18.0,-14,14,0.0
ldn1643,6,6,30.0,-4,40,0.0
ldn1644,6,7,42.0,-5,30,0.0
ldn1645,6,7,0.0,-5,40,0.0
ldn1646,6,7,24.0,-6,0,0.0
ldn1647,5,42,24.0,-9,59,0.0
ldn1648,5,52,24.0,-9,9,0.0
ldn1649,6,58,6.0,-3,57,0.0
ldn1650,6,59,30.0,-4,54,0.0
ldn1651,6,22,24.0,-9,52,0.0
ldn1652,6,26,24.0,-10,2,0.0
ldn1653,6,57,48.0,-7,56,0.0
ldn1654,6,59,24.0,-7,44,0.0
ldn1655,6,56,36.0,-8,14,0.0
ldn1656,6,56,30.0,-8,24,0.0
ldn1657,7,4,24.0,-10,25,0.0
ldn1658,7,14,24.0,-11,5,0.0
ldn1659,7,17,36.0,-23,20,0.0
ldn1660,7,20,6.0,-23,56,0.0
ldn1661,7,22,6.0,-24,6,0.0
ldn1662,7,28,6.0,-23,36,0.0
ldn1663,7,32,6.0,-23,6,0.0
ldn1664,7,24,6.0,-24,36,0.0
ldn1665,7,35,6.0,-23,37,0.0
ldn1666,7,36,6.0,-24,7,0.0
ldn1667,7,25,6.0,-25,46,0.0
ldn1668,7,37,0.0,-24,54,0.0
ldn1669,7,56,0.0,-29,38,0.0
ldn1670,8,4,30.0,-31,39,0.0
ldn1671,8,6,0.0,-32,9,0.0
ldn1672,16,21,6.0,-28,7,0.0
ldn1673,16,30,6.0,-29,26,0.0
ldn1674,16,29,48.0,-28,47,0.0
ldn1675,16,18,6.0,-26,7,0.0
ldn1676,16,21,6.0,-26,7,0.0
ldn1677,16,53,12.0,-32,5,0.0
ldn1678,16,16,0.0,-24,37,0.0
ldn1679,17,2,48.0,-32,54,0.0
ldn1680,16,21,0.0,-24,7,0.0
ldn1681,16,27,0.0,-24,47,0.0
ldn1682,17,8,12.0,-32,6,0.0
ldn1683,16,29,0.0,-25,7,0.0
ldn1684,16,31,6.0,-25,26,0.0
ldn1685,17,9,12.0,-32,9,0.0
ldn1686,16,25,48.0,-24,20,0.0
ldn1687,16,23,0.0,-23,37,0.0
ldn1688,16,26,0.0,-24,7,0.0
ldn1689,16,32,0.0,-25,5,0.0
ldn1690,16,26,48.0,-24,3,0.0
ldn1691,17,15,18.0,-32,33,0.0
ldn1692,16,26,30.0,-23,57,0.0
ldn1693,17,13,12.0,-32,14,0.0
ldn1694,17,10,12.0,-31,44,0.0
ldn1695,17,3,12.0,-30,34,0.0
ldn1696,16,28,48.0,-24,20,0.0
ldn1697,17,13,12.0,-32,8,0.0
ldn1698,17,15,12.0,-32,13,0.0
ldn1699,17,15,30.0,-32,11,0.0
ldn1700,17,12,12.0,-31,34,0.0
ldn1701,17,16,12.0,-32,6,0.0
ldn1702,17,16,12.0,-31,48,0.0
ldn1703,17,18,42.0,-32,6,0.0
ldn1704,16,30,48.0,-23,46,0.0
ldn1705,17,20,12.0,-32,8,0.0
ldn1706,17,12,12.0,-30,54,0.0
ldn1707,17,13,12.0,-30,59,0.0
ldn1708,17,10,12.0,-30,24,0.0
ldn1709,16,33,0.0,-23,46,0.0
ldn1710,17,20,42.0,-31,57,0.0
ldn1711,17,11,12.0,-30,14,0.0
ldn1712,16,38,0.0,-24,26,0.0
ldn1713,17,11,12.0,-30,12,0.0
ldn1714,17,12,12.0,-30,19,0.0
ldn1715,17,12,12.0,-30,14,0.0
ldn1716,17,10,12.0,-29,44,0.0
ldn1717,16,18,54.0,-20,7,0.0
ldn1718,17,15,12.0,-30,14,0.0
ldn1719,16,19,54.0,-20,7,0.0
ldn1720,17,16,12.0,-30,13,0.0
ldn1721,16,15,54.0,-19,7,0.0
ldn1722,17,16,12.0,-30,3,0.0
ldn1723,17,31,18.0,-32,12,0.0
ldn1724,17,31,48.0,-32,13,0.0
ldn1725,17,19,12.0,-30,23,0.0
ldn1726,17,12,12.0,-29,14,0.0
ldn1727,17,12,12.0,-29,14,0.0
ldn1728,17,11,12.0,-29,2,0.0
ldn1729,16,43,0.0,-24,6,0.0
ldn1730,17,33,18.0,-32,12,0.0
ldn1731,17,6,6.0,-28,4,0.0
ldn1732,17,29,12.0,-31,32,0.0
ldn1733,17,12,30.0,-29,1,0.0
ldn1734,17,32,24.0,-31,52,0.0
ldn1735,17,32,6.0,-31,43,0.0
ldn1736,17,10,12.0,-28,24,0.0
ldn1737,17,11,6.0,-28,29,0.0
ldn1738,17,32,54.0,-31,43,0.0
ldn1739,16,35,0.0,-22,1,0.0
ldn1740,16,36,12.0,-22,13,0.0
ldn1741,17,22,12.0,-30,3,0.0
ldn1742,17,12,6.0,-28,24,0.0
ldn1743,17,12,6.0,-28,4,0.0
ldn1744,16,40,0.0,-22,16,0.0
ldn1745,16,49,0.0,-23,55,0.0
ldn1746,17,11,6.0,-27,24,0.0
ldn1747,16,51,0.0,-23,50,0.0
ldn1748,16,49,0.0,-23,25,0.0
ldn1749,17,23,12.0,-29,3,0.0
ldn1750,16,52,0.0,-23,55,0.0
ldn1751,17,31,12.0,-30,2,0.0
ldn1752,16,29,54.0,-19,36,0.0
ldn1753,17,54,18.0,-33,1,0.0
ldn1754,17,32,12.0,-30,2,0.0
ldn1755,16,44,0.0,-21,56,0.0
ldn1756,17,16,6.0,-27,23,0.0
ldn1757,16,31,54.0,-19,36,0.0
ldn1758,17,55,18.0,-32,40,0.0
ldn1759,16,52,6.0,-23,5,0.0
ldn1760,18,0,18.0,-33,0,0.0
ldn1761,16,56,0.0,-23,35,0.0
ldn1762,18,2,18.0,-33,10,0.0
ldn1763,16,56,0.0,-23,25,0.0
ldn1764,17,28,12.0,-28,32,0.0
ldn1765,16,45,0.0,-21,15,0.0
ldn1766,17,58,18.0,-32,20,0.0
ldn1767,17,18,36.0,-26,45,0.0
ldn1768,17,20,6.0,-26,52,0.0
ldn1769,17,42,12.0,-30,1,0.0
ldn1770,16,32,54.0,-18,36,0.0
ldn1771,18,4,18.0,-32,40,0.0
ldn1772,17,19,48.0,-26,38,0.0
ldn1773,17,21,6.0,-26,48,0.0
ldn1774,17,22,36.0,-27,1,0.0
ldn1775,16,57,0.0,-22,50,0.0
ldn1776,17,33,12.0,-28,32,0.0
ldn1777,16,57,0.0,-22,45,0.0
ldn1778,15,39,54.0,-7,10,0.0
ldn1779,16,59,0.0,-22,54,0.0
ldn1780,15,40,42.0,-7,10,0.0
ldn1781,16,27,54.0,-17,7,0.0
ldn1782,16,41,54.0,-19,46,0.0
ldn1783,17,58,12.0,-31,30,0.0
ldn1784,16,59,48.0,-22,54,0.0
ldn1785,17,0,0.0,-22,54,0.0
ldn1786,18,6,42.0,-32,23,0.0
ldn1787,17,0,0.0,-22,44,0.0
ldn1788,17,53,12.0,-30,41,0.0
ldn1789,18,8,18.0,-32,30,0.0
ldn1790,17,11,6.0,-24,34,0.0
ldn1791,16,59,36.0,-22,35,0.0
ldn1793,17,25,36.0,-26,33,0.0
ldn1794,17,26,24.0,-26,39,0.0
ldn1795,17,54,42.0,-30,31,0.0
ldn1796,16,41,54.0,-19,6,0.0
ldn1797,17,2,0.0,-22,34,0.0
ldn1798,18,4,12.0,-31,30,0.0
ldn1799,16,46,54.0,-19,40,0.0
ldn1800,17,1,30.0,-22,14,0.0
ldn1801,17,50,12.0,-29,31,0.0
ldn1802,17,2,18.0,-22,13,0.0
